Fachrichtungen;Suchphrasen;Fachrichtungen;Suchphrasen
Onkologie;pankreaskarzinom;AINS;Borreliose
;schilddrüsenkarzinom;;myokarditis
;ernährung onkologie;;herzinsuffizienz
;plasmozytom;;adipositas
;thyreoidektomie;;gastrointestinale blutung
;magenkarzinom;;helicobacter pylori
;rektumkarzinom radiochemotherapie;;diabetes mellitus
;operative therapie;;stroke
;Prostata-Adenom;;darmatonie
;lebermetastasen;;herpes zoster
Zahnmedizin;mandibular advancement device;Neurologie, Psychiatrie;schlaganfall
;fibrinogen;;demenz
;lidocain;;schlafstörungen
;therapietreue;;delir
;Berufsdermatologie;;virusenzephalitis
;trigeminusneuralgie;;invagination
;anaphylaxie;;adhs
;konservative therapie;;demenz therapie
;mukositis;;psychiatrische erkrankungen
;kraniofaziale chirurgie;;syringomyelie
;versiegelung zähne;Innere Medizin;hyponatriämie
;präoperative aufklärung;;osteoporose
;antibiotika;;copd
;hiv-infektion;;sarkoidose
;implantatallergie;;vorhofflimmern
;patientenakte;;tuberkulose
;blutung postoperativ;;migration
;disposition;;lungenembolie
;überempfindlichkeit;;betablocker
;schweigepflicht;;das fiebernde kleinkind
Gynäkologie;reproduktion;Orthopädie, Urologie, HNO;talusfrakturen
;konisation;;mediale schenkelhalsfraktur
;impfen in der schwangerschaft;;winkelstabile osteosynthese
;schwangerschaft melisse;;chronische rhinosinusitis
;risikoschwangerschaft;;urethralsyndrom
;sectio cesarea;;nacken schmerzen
;adenoviren neonatal;;implantierbare hörgeräte
;mammakarzinom ;;schmerzen an der wirbelsäule
;sexuelle gewalt spurensicherung dokumentation;;ac gelenk
;frühschwangerschaft;;basaliom